<?xml version="1.0" encoding="UTF-8"?>
<project-private xmlns="http://www.netbeans.org/ns/project-private/1">
    <editor-bookmarks xmlns="http://www.netbeans.org/ns/editor-bookmarks/2" lastBookmarkId="0"/>
    <open-files xmlns="http://www.netbeans.org/ns/projectui-open-files/2">
        <group>
            <file>file:/home/almu/Practicas_PCD/Practica8%20_v2/src/practica8_v2/Shared.java</file>
            <file>file:/home/almu/Practicas_PCD/Practica8%20_v2/src/practica8_v2/Car.java</file>
            <file>file:/home/almu/Practicas_PCD/Practica8%20_v2/src/practica8_v2/GenThread.java</file>
            <file>file:/home/almu/Practicas_PCD/Practica8%20_v2/src/practica8_v2/Bus.java</file>
            <file>file:/home/almu/Practicas_PCD/Practica8%20_v2/src/practica8_v2/AppletParking.java</file>
        </group>
    </open-files>
</project-private>
